,,accuracy,accuracy,precision,precision,recall,recall,f1,f1,roc_auc,roc_auc,average_precision,average_precision
,,mean,std,mean,std,mean,std,mean,std,mean,std,mean,std
model,imputer,,,,,,,,,,,,
decision_tree,iterative,0.7398,0.0427,0.6767,0.0963,0.5369,0.1603,0.5783,0.1014,0.7956,0.055,0.6461,0.0694
decision_tree,knn,0.7407,0.0465,0.5998,0.0536,0.7936,0.1002,0.6799,0.0562,0.8093,0.0533,0.6673,0.074
decision_tree,mean,0.7055,0.0478,0.5541,0.0483,0.8374,0.0848,0.6646,0.0484,0.8018,0.0524,0.6539,0.0703
decision_tree,median,0.7072,0.0486,0.5558,0.0491,0.8402,0.083,0.6668,0.0485,0.8034,0.0519,0.6554,0.0702
knn,iterative,0.7694,0.0437,0.7111,0.0892,0.587,0.082,0.6384,0.0681,0.8384,0.0482,0.735,0.0788
knn,knn,0.7701,0.0418,0.7313,0.0937,0.5555,0.0857,0.6257,0.0705,0.8381,0.046,0.738,0.0736
knn,mean,0.7714,0.0452,0.7156,0.0898,0.5853,0.0921,0.6392,0.0737,0.8382,0.048,0.7399,0.0742
knn,median,0.7701,0.0402,0.7163,0.0857,0.5816,0.0965,0.6355,0.0702,0.8381,0.0461,0.7405,0.0719
logistic_regression,iterative,0.7586,0.0547,0.6491,0.0861,0.703,0.082,0.6707,0.0651,0.8449,0.0436,0.7521,0.0796
logistic_regression,knn,0.756,0.0558,0.6418,0.0848,0.7113,0.0846,0.6708,0.0676,0.8435,0.0446,0.7519,0.0793
logistic_regression,mean,0.7596,0.0555,0.6508,0.0875,0.7019,0.083,0.6712,0.0673,0.844,0.0437,0.754,0.0807
logistic_regression,median,0.7583,0.055,0.6483,0.0866,0.7028,0.0842,0.6701,0.0666,0.8439,0.0434,0.7534,0.0808
random_forest,iterative,0.7677,0.0461,0.708,0.0975,0.588,0.0888,0.6371,0.0714,0.8397,0.0445,0.745,0.0715
random_forest,knn,0.7635,0.0452,0.7014,0.0927,0.5828,0.0947,0.6303,0.0699,0.8422,0.0471,0.7484,0.0741
random_forest,mean,0.7632,0.0469,0.7122,0.0968,0.5547,0.1051,0.6169,0.0842,0.8403,0.0508,0.7502,0.0748
random_forest,median,0.7648,0.0401,0.7232,0.0926,0.5463,0.0944,0.6155,0.0715,0.8406,0.0514,0.7458,0.0806
svm,iterative,0.7834,0.0461,0.7517,0.0977,0.5808,0.0984,0.6491,0.0789,0.8484,0.0425,0.7636,0.076
svm,knn,0.755,0.0568,0.6385,0.084,0.7197,0.0852,0.6726,0.0669,0.8464,0.0453,0.7561,0.0779
svm,mean,0.7854,0.0424,0.7633,0.096,0.5714,0.0894,0.6477,0.0752,0.848,0.0419,0.7615,0.0777
svm,median,0.758,0.0557,0.6459,0.0866,0.7151,0.0829,0.6739,0.0645,0.8474,0.0444,0.7577,0.0771
xgboost,iterative,0.7679,0.0545,0.6432,0.0738,0.7846,0.0848,0.7029,0.0587,0.8456,0.0469,0.7546,0.0759
xgboost,knn,0.7642,0.0575,0.6396,0.0776,0.7696,0.0866,0.6954,0.067,0.8448,0.048,0.7529,0.0759
xgboost,mean,0.7659,0.0581,0.6436,0.0775,0.7612,0.0937,0.6941,0.0697,0.844,0.0491,0.7554,0.0741
xgboost,median,0.7645,0.0589,0.6426,0.0793,0.7593,0.0943,0.6925,0.0699,0.8445,0.049,0.7553,0.0762
